File format,Size,Write time [ms],Read time [ms]
CSV,1013.3 KiB,0.09084790229797363,0.04347981214523315
Feather,670.7 KiB,0.014035546779632568,0.011415021419525146
HDF5,2.2 MiB,0.032095518112182614,0.023824737071990967
JSON,2.0 MiB,0.03094949245452881,0.11460533618927002
Parquet,380.6 KiB,0.028539047241210938,0.01585482120513916
